"sequence_1","sequence_2","length_1","length_2","shared_bases","comparable_bases","identity_percent","coverage_shorter_percent","coverage_longer_percent"
"NC_001604.1","NC_004777.1",39937,37555,36643,36643,93.0573370084327,97.5715617094927,91.7520094148284
"NC_001604.1","NC_003298.1",39937,38208,36221,36221,76.0801744844151,94.7995184254606,90.6953451686406
"NC_001604.1","NC_001271.1",39937,39600,36000,36000,67.325,90.9090909090909,90.1419736084333
"NC_001604.1","NC_010807.1",39937,38815,35755,35755,67.713606488603,92.1164498260982,89.5285073991537
"NC_001604.1","NC_025451.1",39937,38646,35619,35619,67.6268283781128,92.1673653159447,89.1879710544107
"NC_004777.1","NC_003298.1",37555,38208,34504,34504,79.6371435195919,91.8759153241912,90.3056951423786
"NC_004777.1","NC_001271.1",37555,39600,34026,34026,68.2066654910951,90.6031154307016,85.9242424242424
"NC_004777.1","NC_010807.1",37555,38815,33967,33967,68.5253334118409,90.446012514978,87.5099832538967
"NC_004777.1","NC_025451.1",37555,38646,33996,33996,68.2727379691728,90.5232325921981,87.967706877814
"NC_003298.1","NC_001271.1",38208,39600,37586,37586,85.0609269408822,98.3720686767169,94.9141414141414
"NC_003298.1","NC_010807.1",38208,38815,36875,36875,85.2935593220339,96.5112018425461,95.0019322426897
"NC_003298.1","NC_025451.1",38208,38646,36962,36962,84.4353660516206,96.7389028475712,95.6424985768255
"NC_001271.1","NC_010807.1",39600,38815,37351,37351,93.6815614039785,96.2282622697411,94.3207070707071
"NC_001271.1","NC_025451.1",39600,38646,38452,38452,94.2681785082701,99.4980075557626,97.1010101010101
"NC_010807.1","NC_025451.1",38815,38646,37277,37277,93.6797489068326,96.4575894012317,96.0376143243591
