"accession","virus_name","current_genus","cluster_k2"
"NC_048163.1","Phage NC-A","Teseptimavirus",1
"NC_048082.1","Enterobacteria phage vB_EcoP_IME390","Teseptimavirus",1
"NC_048079.1","Escherichia phage C5","Teseptimavirus",1
"NC_048078.1","Escherichia phage N30","Teseptimavirus",1
"NC_048004.1","Salmonella phage 3A_8767","Teseptimavirus",1
"NC_047923.1","Escherichia phage HZ2R8","Teseptimavirus",1
"NC_047895.1","Escherichia phage EG1","Teseptimavirus",1
"NC_031114.1","Escherichia phage 64795_ec1","Teseptimavirus",1
"NC_027387.1","Escherichia phage CICC 80001","Teseptimavirus",1
"NC_011045.1","Enterobacteria phage 13a","Teseptimavirus",1
"NC_004777.1","Yersinia pestis phage phiA1122","Teseptimavirus",1
"NC_001604.1","Enterobacteria phage T7","Teseptimavirus",1
"NC_071009.1","Salmonella phage vB_SAg-RPN15","Teetrevirus",2
"NC_048063.1","Escherichia phage LL2","Teetrevirus",1
"NC_047844.1","Serratia phage 2050H2","Teetrevirus",1
"NC_047843.1","Leclercia phage 10164-302","Teetrevirus",1
"NC_047774.1","Serratia phage SM9-3Y","Teetrevirus",1
"NC_047766.1","Escherichia phage ECA2","Teetrevirus",1
"NC_031092.1","Citrobacter phage SH2","Teetrevirus",1
"NC_031066.1","Citrobacter phage SH1","Teetrevirus",1
"NC_047867.1","Enterobacteria phage T7M","Teetrevirus",1
"NC_047755.1","Yersinia phage phiYe-F10","Teetrevirus",1
"NC_029102.1","Enterobacter phage E-2","Teetrevirus",2
"NC_028880.1","Citrobacter phage phiCFP-1","Teetrevirus",1
"NC_028795.1","Enterobacter phage E-3","Teetrevirus",2
"NC_025451.1","Yersinia phage vB_YenP_AP5","Teetrevirus",1
"NC_010807.1","Salmonella phage phiSG-JL2","Teetrevirus",1
"NC_001271.1","Yersinia phage phiYeO3-12","Teetrevirus",1
"NC_003298.1","Enterobacteria phage T3","Teetrevirus",1
